{
  "project_info": {
    "project_number": "86412020436",
    "firebase_url": "https://homework-tracker-a4787.firebaseio.com",
    "project_id": "homework-tracker-a4787",
    "storage_bucket": "homework-tracker-a4787.appspot.com"
  },
  "client": [
    {
      "client_info": {
        "mobilesdk_app_id": "1:86412020436:android:bbfee1a790459958",
        "android_client_info": {
          "package_name": "com.wieders.homework_tracker"
        }
      },
      "oauth_client": [
        {
          "client_id": "86412020436-s4fenkioeu8631r7ot53essplo2dil05.apps.googleusercontent.com",
          "client_type": 3
        }
      ],
      "api_key": [
        {
          "current_key": "AIzaSyDITGlEOvA-wk4uML5jBjkNgRrp1-sOeZg"
        }
      ],
      "services": {
        "analytics_service": {
          "status": 1
        },
        "appinvite_service": {
          "status": 1,
          "other_platform_oauth_client": []
        },
        "ads_service": {
          "status": 2
        }
      }
    }
  ],
  "configuration_version": "1"
}